{"at":"2020-08-14T17:01:38.913Z","env":"mainnet:Windows:10.0.18362","ns":["daedalus","v2.1.0","*mainnet*"],"data":{"cardanoNodeState":"running","coreInfo":{"cardanoNetwork":"mainnet","cardanoNodePID":196432,"cardanoNodeVersion":"1.18.0","cardanoWalletApiPort":62491,"cardanoWalletPID":60092,"cardanoWalletVersion":"2020.8.3","daedalusBuildNumber":"14079","daedalusMainProcessID":276888,"daedalusProcessID":100468,"daedalusStateDirectoryPath":"C:\\Users\\Djalil\\AppData\\Roaming\\Daedalus Mainnet","daedalusVersion":"2.1.0","isBlankScreenFixActive":false},"currentLocale":"en-US","currentTime":"2020-08-14T17:01:38.913Z","isConnected":true,"isDev":false,"isIncentivizedTestnet":false,"isMainnet":true,"isNodeInSync":false,"isNodeResponding":true,"isNodeSyncing":true,"isStaging":false,"isSynced":false,"isTestnet":false,"localTip":{"epoch":144,"slot":8162},"networkTip":null,"syncPercentage":"68.37","systemInfo":{"availableDiskSpace":"146.7 GB","cpu":"Intel(R) Core(TM) i7-7700HQ CPU @ 2.80GHz","platform":"Windows","platformVersion":"10.0.18362","ram":"16.0 GB"}},"app":["daedalus"],"msg":"Updating State-snapshot.json file","pid":"","sev":"info","thread":""}