{"at":"2020-08-14T16:51:44.714Z","env":"mainnet:Windows:10.0.18362","ns":["daedalus","v2.1.0","*mainnet*"],"data":{"cardanoNodeVersion":"1.18.0","cardanoWalletVersion":"2020.8.3","cpu":[{"model":"Intel(R) Core(TM) i7-7700HQ CPU @ 2.80GHz","speed":2808,"times":{"user":38173921,"nice":0,"sys":40914140,"idle":113207968,"irq":5371593}},{"model":"Intel(R) Core(TM) i7-7700HQ CPU @ 2.80GHz","speed":2808,"times":{"user":33084703,"nice":0,"sys":25669421,"idle":133541656,"irq":427828}},{"model":"Intel(R) Core(TM) i7-7700HQ CPU @ 2.80GHz","speed":2808,"times":{"user":49137156,"nice":0,"sys":33594250,"idle":109564375,"irq":339453}},{"model":"Intel(R) Core(TM) i7-7700HQ CPU @ 2.80GHz","speed":2808,"times":{"user":37737250,"nice":0,"sys":28340843,"idle":126217687,"irq":227437}},{"model":"Intel(R) Core(TM) i7-7700HQ CPU @ 2.80GHz","speed":2808,"times":{"user":44909921,"nice":0,"sys":35478937,"idle":111906921,"irq":315375}},{"model":"Intel(R) Core(TM) i7-7700HQ CPU @ 2.80GHz","speed":2808,"times":{"user":35846046,"nice":0,"sys":30376187,"idle":126073546,"irq":207984}},{"model":"Intel(R) Core(TM) i7-7700HQ CPU @ 2.80GHz","speed":2808,"times":{"user":47389640,"nice":0,"sys":39099890,"idle":105806250,"irq":259687}},{"model":"Intel(R) Core(TM) i7-7700HQ CPU @ 2.80GHz","speed":2808,"times":{"user":37407296,"nice":0,"sys":32533890,"idle":122354593,"irq":135906}}],"daedalusVersion":"2.1.0","isBlankScreenFixActive":false,"network":"mainnet","osName":"Windows","platformVersion":"10.0.18362","ram":"17130790912","startTime":"2020-08-14T16:51:44.714Z"},"app":["daedalus"],"msg":"Updating System-info.json file","pid":"","sev":"info","thread":""}